P_to_P2O5,P2O5_to_P,f_imm_P
2.290001167900596,0.436681,1.6
